{
  "main.css": "/static/css/main.0599e5a9.chunk.css",
  "main.js": "/static/js/main.575da856.chunk.js",
  "main.js.map": "/static/js/main.575da856.chunk.js.map",
  "runtime~main.js": "/static/js/runtime~main.a8a9905a.js",
  "runtime~main.js.map": "/static/js/runtime~main.a8a9905a.js.map",
  "static/js/2.8f71a45e.chunk.js": "/static/js/2.8f71a45e.chunk.js",
  "static/js/2.8f71a45e.chunk.js.map": "/static/js/2.8f71a45e.chunk.js.map",
  "index.html": "/index.html",
  "precache-manifest.2a9cb5956bb9b2bf23d650997bee76a0.js": "/precache-manifest.2a9cb5956bb9b2bf23d650997bee76a0.js",
  "service-worker.js": "/service-worker.js",
  "static/css/main.0599e5a9.chunk.css.map": "/static/css/main.0599e5a9.chunk.css.map",
  "static/media/logo.svg": "/static/media/logo.5d5d9eef.svg"
}